{"":{"swift-dependencies":"/Users/farid/Documents/Flutter_Apps/flash-chat-flutter/build/ios/Runner.build/Debug-iphonesimulator/Runner.build/Objects-normal/x86_64/Runner-master.swiftdeps"},"/Users/farid/Documents/Flutter_Apps/flash-chat-flutter/ios/Runner/AppDelegate.swift":{"dependencies":"/Users/farid/Documents/Flutter_Apps/flash-chat-flutter/build/ios/Runner.build/Debug-iphonesimulator/Runner.build/Objects-normal/x86_64/AppDelegate.d","diagnostics":"/Users/farid/Documents/Flutter_Apps/flash-chat-flutter/build/ios/Runner.build/Debug-iphonesimulator/Runner.build/Objects-normal/x86_64/AppDelegate.dia","llvm-bc":"/Users/farid/Documents/Flutter_Apps/flash-chat-flutter/build/ios/Runner.build/Debug-iphonesimulator/Runner.build/Objects-normal/x86_64/AppDelegate.bc","object":"/Users/farid/Documents/Flutter_Apps/flash-chat-flutter/build/ios/Runner.build/Debug-iphonesimulator/Runner.build/Objects-normal/x86_64/AppDelegate.o","swift-dependencies":"/Users/farid/Documents/Flutter_Apps/flash-chat-flutter/build/ios/Runner.build/Debug-iphonesimulator/Runner.build/Objects-normal/x86_64/AppDelegate.swiftdeps","swiftmodule":"/Users/farid/Documents/Flutter_Apps/flash-chat-flutter/build/ios/Runner.build/Debug-iphonesimulator/Runner.build/Objects-normal/x86_64/AppDelegate~partial.swiftmodule"}}